INSERT INTO animals (name, date_of_birth, escape_attempts, neutered, weight_kg) VALUES (1, 'Agumon', '2020-02-03', 0, true, 10.23);
INSERT INTO animals (name, date_of_birth, escape_attempts, neutered, weight_kg) VALUES (2, 'Gabumon', '2018-11-15', 2, true, 8.0);
INSERT INTO animals (name, date_of_birth, escape_attempts, neutered, weight_kg) VALUES (3, 'Pikachu', '2021-01-07', 1, false, 15.04);
INSERT INTO animals (name, date_of_birth, escape_attempts, neutered, weight_kg) VALUES (4, 'Devimon', '2017-05-12', 5, true, 11.0);
INSERT INTO animals (name, date_of_birth, escape_attempts, neutered, weight_kg) VALUES (5, 'Charmander', '2020-02-08', 0, false, -11.0);
INSERT INTO animals (name, date_of_birth, escape_attempts, neutered, weight_kg) VALUES (6, 'Plantmon', '2021-11-15', 2, true, -5.7);
INSERT INTO animals (name, date_of_birth, escape_attempts, neutered, weight_kg) VALUES (7, 'Angemon', '2005-06-12', 1, true, -45.0);
INSERT INTO animals (name, date_of_birth, escape_attempts, neutered, weight_kg) VALUES (8, 'Boarmon', '2005-06-07', 7, true, 20.4);
INSERT INTO animals (name, date_of_birth, escape_attempts, neutered, weight_kg) VALUES (9, 'Blossom', '1998-10-13', 3, true, 17);
INSERT INTO animals (name, date_of_birth, escape_attempts, neutered, weight_kg) VALUES (10, 'Ditto', '1998-10-13', 4, true, 22);
INSERT INTO owners (full_name, age) VALUES ('Sam Smith', 34);
INSERT INTO owners (full_name, age) VALUES ('Jennifer Orwell', 19);
INSERT INTO owners (full_name, age) VALUES ('Bob', 45);
INSERT INTO owners (full_name, age) VALUES ('Melody Pond', 77);
INSERT INTO owners (full_name, age) VALUES ('Dean Winchester', 14);
INSERT INTO owners (full_name, age) VALUES ('Jodie Whittaker', 38);
INSERT INTO species (name) VALUES ('Pokemon');
INSERT INTO species (name) VALUES ('Digimon');
UPDATE animals SET species_id = CASE
WHEN name LIKE '%mon' THEN ( SELECT id FROM species WHERE name = 'Digimon')
ELSE ( SELECT id FROM species WHERE name = 'Pokemon')
END;
UPDATE animals SET owner_id = ( SELECT id FROM owners WHERE full_name = 'Sam Smith') WHERE name = 'Agumon';
UPDATE animals SET owner_id = ( SELECT id FROM owners WHERE full_name = 'Jennifer Orwell') WHERE name IN ('Gabumon', 'Pikachu');
UPDATE animals SET owner_id = ( SELECT id FROM owners WHERE full_name = 'Bob') WHERE name IN ('Devimon', 'Plantmon');
INSERT INTO animals (name, species_id) VALUES ('Squirtle', (SELECT id FROM species WHERE name = 'Pokemon'));
UPDATE animals SET owner_id = ( SELECT id FROM owners WHERE full_name = 'Melody Pond') WHERE name IN ('Charmander', 'Squirtle', 'Boarmon');
UPDATE animals SET owner_id = ( SELECT id FROM owners WHERE full_name = 'Dean Winchester') WHERE name IN ('Angemon', 'Boarmon');
INSERT INTO vets (name, age, date_of_graduation) VALUES ('William Tatcher', 45, '2000-04-23');
INSERT INTO vets (name, age, date_of_graduation) VALUES ('Maisy Smith', 26, '2019-01-17');
INSERT INTO vets (name, age, date_of_graduation) VALUES ('Stephanie Mendez', 64, '1981-05-04');
INSERT INTO vets (name, age, date_of_graduation) VALUES ('Jack Harkness', 38, '2008-06-08');
INSERT INTO specializations (vet_id, species_id) VALUES (1, 1);
INSERT INTO specializations (vet_id, species_id) VALUES (3, 2);
INSERT INTO specializations (vet_id, species_id) VALUES (3, 1);
INSERT INTO specializations (vet_id, species_id) VALUES (4, 2);
INSERT INTO visits (animals_id, vet_id, visit_date) VALUES (1, 1, '2020-05-24');
INSERT INTO visits (animals_id, vet_id, visit_date) VALUES (1, 3, '2020-07-22');
INSERT INTO visits (animals_id, vet_id, visit_date) VALUES (2, 4, '2021-02-02');
INSERT INTO visits (animals_id, vet_id, visit_date) VALUES (5, 2, '2020-01-05');
INSERT INTO visits (animals_id, vet_id, visit_date) VALUES (5, 2, '2020-03-08');
INSERT INTO visits (animals_id, vet_id, visit_date) VALUES (5, 2, '2020-05-14');
INSERT INTO visits (animals_id, vet_id, visit_date) VALUES (3, 3, '2021-05-04');
INSERT INTO visits (animals_id, vet_id, visit_date) VALUES (6, 4, '2021-02-24');
INSERT INTO visits (animals_id, vet_id, visit_date) VALUES (9, 2, '2019-12-21');
INSERT INTO visits (animals_id, vet_id, visit_date) VALUES (9, 1, '2020-08-10');
INSERT INTO visits (animals_id, vet_id, visit_date) VALUES (9, 2, '2021-04-07');
INSERT INTO visits (animals_id, vet_id, visit_date) VALUES (11, 3, '2019-09-29');
INSERT INTO visits (animals_id, vet_id, visit_date) VALUES (10, 4, '2020-08-03');
INSERT INTO visits (animals_id, vet_id, visit_date) VALUES (10, 4, '2020-11-04');
INSERT INTO visits (animals_id, vet_id, visit_date) VALUES (4, 2, '2019-01-24');
INSERT INTO visits (animals_id, vet_id, visit_date) VALUES (4, 2, '2019-05-15');
INSERT INTO visits (animals_id, vet_id, visit_date) VALUES (4, 2, '2020-02-27');
INSERT INTO visits (animals_id, vet_id, visit_date) VALUES (4, 2, '2020-08-03');
INSERT INTO visits (animals_id, vet_id, visit_date) VALUES (7, 3, '2020-05-24');
INSERT INTO visits (animals_id, vet_id, visit_date) VALUES (7, 1, '2021-01-11');